rank,player_name,school,projected_pick,age,slap_score,dc_score,breakout_score,ras_score,delta_vs_dc,breakout_status,ras_status,breakout_age_raw,position,overall_rank
1,Carnell Tate,Ohio State,4,20,52.14644598701095,46.707583514130526,90.0,68.9,5.438862472880423,observed,imputed,19.0,WR,1
2,Jordyn Tyson,Arizona State,7,21,39.59038016522074,33.70044725320087,75.0,68.9,5.889932912019873,observed,imputed,20.0,WR,2
1,Jeremiyah Love,Notre Dame,10,20,35.377213052663095,27.120250650191874,90.0,66.5,8.25696240247122,observed,imputed,19.0,RB,3
3,Makai Lemon,USC,16,21,27.997168980516424,20.061375271195793,75.0,68.9,7.935793709320631,observed,imputed,20.0,WR,4
4,Kevin Concepcion,Texas A&M,27,20,24.283313542888585,13.927427697515984,90.0,68.9,10.355885845372601,observed,imputed,19.0,WR,5
5,Denzel Boston,Washington,24,21,23.840949210309642,15.171704953305461,75.0,68.9,8.66924425700418,observed,imputed,20.0,WR,6
6,Zachariah Branch,Georgia,47,21,20.06283836596503,8.962162783488271,90.0,68.9,11.100675582476757,observed,imputed,19.0,WR,7
7,Germie Bernard,Alabama,52,21,17.911450373883984,8.195823969275274,75.0,68.9,9.71562640460871,observed,imputed,20.0,WR,8
8,Chris Bell,Louisville,43,MISSING,17.663821424252106,9.66920167559071,60.0,68.9,7.994619748661396,observed,imputed,21.0,WR,9
9,Elijah Sarratt,Indiana,44,22,17.505919901906676,9.483435178713737,60.0,68.9,8.022484723192939,observed,imputed,21.0,WR,10
2,Jonah Coleman,Washington,56,22,17.334439776370388,7.658164442788692,75.0,66.5,9.676275333581696,observed,imputed,20.0,RB,11
10,Ja'Kobi Lane,USC,65,21,16.58508022257394,6.635388497145812,75.0,68.9,9.949691725428128,observed,imputed,20.0,WR,12
11,Chris Brazzell,Tennessee,53,MISSING,16.292361824590554,8.055719793635944,60.0,68.9,8.23664203095461,observed,imputed,21.0,WR,13
3,Jadarian Price,Notre Dame,79,21,15.42086298391349,5.406897628133519,75.0,66.5,10.013965355779971,observed,imputed,20.0,RB,14
4,Emmett Johnson,Nebraska,83,21,15.17221649369942,5.1143723455287295,75.0,66.5,10.057844148170691,observed,imputed,20.0,RB,15
5,Nick Singleton,Penn State,118,21,15.06803178439269,3.2270962169325768,90.0,66.5,11.840935567460114,observed,imputed,19.0,RB,16
6,Kaytron Allen,Penn State,124,22,14.863752448900971,2.986767586942321,90.0,66.5,11.87698486195865,observed,imputed,19.0,RB,17
12,Omar Cooper Jr.,Indiana,76,21,14.240092986187062,5.641285866102424,60.0,68.9,8.598807120084636,observed,imputed,21.0,WR,18
13,C.J. Daniels,Miami,112,MISSING,13.908514021821608,3.4864870844960096,75.0,68.9,10.422026937325597,observed,imputed,20.0,WR,19
14,Antonio Williams,Clemson,85,MISSING,13.674528034582737,4.97591533480322,60.0,68.9,8.698612699779517,observed,imputed,21.0,WR,20
15,Deion Burks,Oklahoma,121,22,13.583992703656271,3.104697298419142,75.0,68.9,10.47929540523713,observed,imputed,20.0,WR,21
16,Amare Thomas,Houston,250,19,13.577756189750136,0.15618375264721865,100.0,68.9,13.421572437102919,observed,imputed,18.0,WR,22
17,Skyler Bell,UConn,88,23,13.505576139464473,4.7771483993699695,60.0,68.9,8.728427740094503,observed,imputed,21.0,WR,23
18,Malachi Fields,Notre Dame,89,22,13.451166218246296,4.713136727348583,60.0,68.9,8.738029490897713,observed,imputed,21.0,WR,24
19,Noah Thomas,Georgia,196,21,13.319113975877476,1.0283693833852658,90.0,68.9,12.29074459249221,observed,imputed,19.0,WR,25
7,Demond Claiborne,Wake Forest,136,21,12.996529896251037,2.5547410544129825,75.0,66.5,10.441788841838054,observed,imputed,20.0,RB,26
21,Shelton Sampson Jr.,Louisiana,250,20,12.577756189750136,0.15618375264721865,90.0,68.9,12.421572437102919,observed,imputed,19.0,WR,27
20,Jaden Greathouse,Notre Dame,250,20,12.577756189750136,0.15618375264721865,90.0,68.9,12.421572437102919,observed,imputed,19.0,WR,28
22,Barion Brown,LSU,250,21,12.577756189750136,0.15618375264721865,90.0,68.9,12.421572437102919,observed,imputed,19.0,WR,29
23,Kevin Coleman Jr.,Missouri,162,21,12.465873023028488,1.789262380033514,75.0,68.9,10.676610642994973,observed,imputed,20.0,WR,30
9,Quinten Joyner,Texas Tech,250,20,12.457756189750135,0.15618375264721865,90.0,66.5,12.301572437102918,observed,imputed,19.0,RB,31
8,Jaydn Ott,California,250,22,12.457756189750135,0.15618375264721865,90.0,66.5,12.301572437102918,observed,imputed,19.0,RB,32
24,Brenen Thompson,Mississippi State,113,22,12.370550987545968,3.4418246912305497,60.0,68.9,8.928726296315418,observed,imputed,21.0,WR,33
25,De'Zhaun Stribling,Ole Miss,186,22,11.990794234665689,1.2303461584302213,75.0,68.9,10.760448076235468,observed,imputed,20.0,WR,34
10,Adam Randall,Clemson,180,21,11.980601711054526,1.3595314247700296,75.0,66.5,10.621070286284496,observed,imputed,20.0,RB,35
26,Keelan Marion,Miami,193,MISSING,11.869214506959898,1.0873111846587034,75.0,68.9,10.781903322301194,observed,imputed,20.0,WR,36
27,Aaron Anderson,LSU,199,22,11.770150684794471,0.9707655115229065,75.0,68.9,10.799385173271565,observed,imputed,20.0,WR,37
28,Ted Hurst,Georgia State,132,MISSING,11.733358074785603,2.692185970336002,60.0,68.9,9.0411721044496,observed,imputed,21.0,WR,38
29,Dane Key,Nebraska,202,22,11.72228225069622,0.9144497067014333,75.0,68.9,10.807832543994786,observed,imputed,20.0,WR,39
30,Jordan Hudson,SMU,211,MISSING,11.584854103162598,0.7527695331324677,75.0,68.9,10.83208457003013,observed,imputed,20.0,WR,40
31,Caleb Douglas,Texas Tech,212,21,11.570126899306224,0.7354434109484994,75.0,68.9,10.834683488357724,observed,imputed,20.0,WR,41
89,Jalil Farooq,Maryland,250,23,11.547756189750137,0.15618375264721865,79.7,68.9,11.39157243710292,imputed,imputed,,WR,42
88,Romello Brinson,SMU,250,22,11.547756189750137,0.15618375264721865,79.7,68.9,11.39157243710292,imputed,imputed,,WR,43
87,Jalen Walthall,Incarnate Word,250,MISSING,11.547756189750137,0.15618375264721865,79.7,68.9,11.39157243710292,imputed,imputed,,WR,44
86,Hank Beatty,Illinois,250,21,11.547756189750137,0.15618375264721865,79.7,68.9,11.39157243710292,imputed,imputed,,WR,45
85,Emmanuel Henderson,Kansas,250,22,11.547756189750137,0.15618375264721865,79.7,68.9,11.39157243710292,imputed,imputed,,WR,46
84,Zavion Thomas,LSU,250,20,11.547756189750137,0.15618375264721865,79.7,68.9,11.39157243710292,imputed,imputed,,WR,47
83,Trebor Pena,Penn State,250,23,11.547756189750137,0.15618375264721865,79.7,68.9,11.39157243710292,imputed,imputed,,WR,48
93,J.Michael Sturdivant,Florida,250,22,11.547756189750137,0.15618375264721865,79.7,68.9,11.39157243710292,imputed,imputed,,WR,49
81,Raymond Cottrell,Texas A&M,250,20,11.547756189750137,0.15618375264721865,79.7,68.9,11.39157243710292,imputed,imputed,,WR,50
80,Nathan Leacock,North Carolina,250,20,11.547756189750137,0.15618375264721865,79.7,68.9,11.39157243710292,imputed,imputed,,WR,51
79,Anthony Evans III,Mississippi State,250,20,11.547756189750137,0.15618375264721865,79.7,68.9,11.39157243710292,imputed,imputed,,WR,52
78,Christian Leary,Western Michigan,250,22,11.547756189750137,0.15618375264721865,79.7,68.9,11.39157243710292,imputed,imputed,,WR,53
77,Donavon Greene,Virginia Tech,250,MISSING,11.547756189750137,0.15618375264721865,79.7,68.9,11.39157243710292,imputed,imputed,,WR,54
76,Kyron Ware-Hudson,Penn State,250,MISSING,11.547756189750137,0.15618375264721865,79.7,68.9,11.39157243710292,imputed,imputed,,WR,55
75,Malik McClain,Arizona State,250,22,11.547756189750137,0.15618375264721865,79.7,68.9,11.39157243710292,imputed,imputed,,WR,56
82,Jaquaize Pettaway,East Carolina,250,20,11.547756189750137,0.15618375264721865,79.7,68.9,11.39157243710292,imputed,imputed,,WR,57
94,Eli Heidenreich,Navy,250,23,11.547756189750137,0.15618375264721865,79.7,68.9,11.39157243710292,imputed,imputed,,WR,58
95,Chase Roberts,BYU,250,MISSING,11.547756189750137,0.15618375264721865,79.7,68.9,11.39157243710292,imputed,imputed,,WR,59
45,Ja'Mori Maclin,Kentucky,250,23,11.547756189750137,0.15618375264721865,79.7,68.9,11.39157243710292,imputed,imputed,,WR,60
46,E.J. Williams,Indiana,250,23,11.547756189750137,0.15618375264721865,79.7,68.9,11.39157243710292,imputed,imputed,,WR,61
47,Max Tomzcak,Northern Illinois,250,MISSING,11.547756189750137,0.15618375264721865,79.7,68.9,11.39157243710292,imputed,imputed,,WR,62
48,Joseph Manjack IV,TCU,250,22,11.547756189750137,0.15618375264721865,79.7,68.9,11.39157243710292,imputed,imputed,,WR,63
49,Jaden Bray,West Virginia,250,22,11.547756189750137,0.15618375264721865,79.7,68.9,11.39157243710292,imputed,imputed,,WR,64
50,Jared Brown,South Carolina,250,22,11.547756189750137,0.15618375264721865,79.7,68.9,11.39157243710292,imputed,imputed,,WR,65
91,Jordan Dwyer,TCU,250,MISSING,11.547756189750137,0.15618375264721865,79.7,68.9,11.39157243710292,imputed,imputed,,WR,66
92,Dillon Bell,Georgia,250,MISSING,11.547756189750137,0.15618375264721865,79.7,68.9,11.39157243710292,imputed,imputed,,WR,67
37,Antonio Gates Jr.,Michigan State,250,21,11.547756189750137,0.15618375264721865,79.7,68.9,11.39157243710292,imputed,imputed,,WR,68
38,Mikey Matthews,UCLA,250,20,11.547756189750137,0.15618375264721865,79.7,68.9,11.39157243710292,imputed,imputed,,WR,69
39,Tyler Brown,Clemson,250,18,11.547756189750137,0.15618375264721865,79.7,68.9,11.39157243710292,imputed,imputed,,WR,70
40,Cordale Russell,Colorado,250,20,11.547756189750137,0.15618375264721865,79.7,68.9,11.39157243710292,imputed,imputed,,WR,71
41,London Humphreys,Georgia,250,20,11.547756189750137,0.15618375264721865,79.7,68.9,11.39157243710292,imputed,imputed,,WR,72
90,Griffin Wilde,Northwestern,250,MISSING,11.547756189750137,0.15618375264721865,79.7,68.9,11.39157243710292,imputed,imputed,,WR,73
42,Braylon James,Notre Dame,250,20,11.547756189750137,0.15618375264721865,79.7,68.9,11.39157243710292,imputed,imputed,,WR,74
43,Ayden Williams,Mississippi State,250,20,11.547756189750137,0.15618375264721865,79.7,68.9,11.39157243710292,imputed,imputed,,WR,75
44,Kyion Grayes,California,250,MISSING,11.547756189750137,0.15618375264721865,79.7,68.9,11.39157243710292,imputed,imputed,,WR,76
32,Jalen Brown,Arkansas,250,20,11.547756189750137,0.15618375264721865,79.7,68.9,11.39157243710292,imputed,imputed,,WR,77
33,Kobe Prentice,Baylor,250,21,11.547756189750137,0.15618375264721865,79.7,68.9,11.39157243710292,imputed,imputed,,WR,78
34,Andre Greene Jr.,Virginia,250,MISSING,11.547756189750137,0.15618375264721865,79.7,68.9,11.39157243710292,imputed,imputed,,WR,79
35,Ryan Niblett,Texas,250,20,11.547756189750137,0.15618375264721865,79.7,68.9,11.39157243710292,imputed,imputed,,WR,80
36,C.J. Williams,Stanford,250,MISSING,11.547756189750137,0.15618375264721865,79.7,68.9,11.39157243710292,imputed,imputed,,WR,81
51,Jerand Bradley,Kansas State,250,22,11.547756189750137,0.15618375264721865,79.7,68.9,11.39157243710292,imputed,imputed,,WR,82
52,Brandon Inniss,Ohio State,250,20,11.547756189750137,0.15618375264721865,79.7,68.9,11.39157243710292,imputed,imputed,,WR,83
53,Rara Thomas,Troy,250,23,11.547756189750137,0.15618375264721865,79.7,68.9,11.39157243710292,imputed,imputed,,WR,84
54,Jayden Thomas,Virginia,250,22,11.547756189750137,0.15618375264721865,79.7,68.9,11.39157243710292,imputed,imputed,,WR,85
55,Andrel Anthony,Duke,250,23,11.547756189750137,0.15618375264721865,79.7,68.9,11.39157243710292,imputed,imputed,,WR,86
56,Jayden McGowan,Charlotte,250,MISSING,11.547756189750137,0.15618375264721865,79.7,68.9,11.39157243710292,imputed,imputed,,WR,87
57,Kaleb Brown,UAB,250,21,11.547756189750137,0.15618375264721865,79.7,68.9,11.39157243710292,imputed,imputed,,WR,88
74,Deion Colzie,Miami (OH),250,22,11.547756189750137,0.15618375264721865,79.7,68.9,11.39157243710292,imputed,imputed,,WR,89
59,Talyn Shettron,Oklahoma State,250,MISSING,11.547756189750137,0.15618375264721865,79.7,68.9,11.39157243710292,imputed,imputed,,WR,90
60,Braylin Presley,Tulsa,250,21,11.547756189750137,0.15618375264721865,79.7,68.9,11.39157243710292,imputed,imputed,,WR,91
61,Cyrus Allen,Cincinnati,250,22,11.547756189750137,0.15618375264721865,79.7,68.9,11.39157243710292,imputed,imputed,,WR,92
62,Jeff Caldwell,Cincinnati,250,MISSING,11.547756189750137,0.15618375264721865,79.7,68.9,11.39157243710292,imputed,imputed,,WR,93
63,Malik Benson,Oregon,250,22,11.547756189750137,0.15618375264721865,79.7,68.9,11.39157243710292,imputed,imputed,,WR,94
64,Chris Hilton,LSU,250,22,11.547756189750137,0.15618375264721865,79.7,68.9,11.39157243710292,imputed,imputed,,WR,95
65,Kaden Wetjen,Iowa,250,23,11.547756189750137,0.15618375264721865,79.7,68.9,11.39157243710292,imputed,imputed,,WR,96
66,Cody Jackson,Tarleton State,250,22,11.547756189750137,0.15618375264721865,79.7,68.9,11.39157243710292,imputed,imputed,,WR,97
67,Dacari Collins,Louisville,250,22,11.547756189750137,0.15618375264721865,79.7,68.9,11.39157243710292,imputed,imputed,,WR,98
68,JoJo Earle,UNLV,250,22,11.547756189750137,0.15618375264721865,79.7,68.9,11.39157243710292,imputed,imputed,,WR,99
69,Ja'Varrius Johnson,Auburn,250,MISSING,11.547756189750137,0.15618375264721865,79.7,68.9,11.39157243710292,imputed,imputed,,WR,100
70,Jayden Ballard,Wisconsin,250,22,11.547756189750137,0.15618375264721865,79.7,68.9,11.39157243710292,imputed,imputed,,WR,101
71,Justus Ross-Simmons,Syracuse,250,MISSING,11.547756189750137,0.15618375264721865,79.7,68.9,11.39157243710292,imputed,imputed,,WR,102
72,Jaron Glover,Michigan State,250,MISSING,11.547756189750137,0.15618375264721865,79.7,68.9,11.39157243710292,imputed,imputed,,WR,103
73,Squirrel White,Florida State,250,21,11.547756189750137,0.15618375264721865,79.7,68.9,11.39157243710292,imputed,imputed,,WR,104
58,Tobias Merriweather,Utah,250,MISSING,11.547756189750137,0.15618375264721865,79.7,68.9,11.39157243710292,imputed,imputed,,WR,105
96,Reggie Virgil,Texas Tech,216,21,11.512244386117812,0.66734633660919,75.0,68.9,10.844898049508622,observed,imputed,20.0,WR,106
12,Kentrel Bullock,South Alabama,250,23,11.267756189750136,0.15618375264721865,78.1,66.5,11.111572437102918,imputed,imputed,,RB,107
11,Chip Trayanum,Toledo,250,23,11.267756189750136,0.15618375264721865,78.1,66.5,11.111572437102918,imputed,imputed,,RB,108
13,Rahsul Faison,South Carolina,250,25,11.267756189750136,0.15618375264721865,78.1,66.5,11.111572437102918,imputed,imputed,,RB,109
14,Seth McGowan,Kentucky,250,23,11.267756189750136,0.15618375264721865,78.1,66.5,11.111572437102918,imputed,imputed,,RB,110
33,Sedrick Alexander,Vanderbilt,250,MISSING,11.267756189750136,0.15618375264721865,78.1,66.5,11.111572437102918,imputed,imputed,,RB,111
32,Branson Robinson,Georgia State,250,21,11.267756189750136,0.15618375264721865,78.1,66.5,11.111572437102918,imputed,imputed,,RB,112
31,TreVonte Citizen,LSU,250,MISSING,11.267756189750136,0.15618375264721865,78.1,66.5,11.111572437102918,imputed,imputed,,RB,113
30,Byron Cardwell,San Diego State,250,22,11.267756189750136,0.15618375264721865,78.1,66.5,11.111572437102918,imputed,imputed,,RB,114
29,Kadarius Calloway,New Mexico State,250,22,11.267756189750136,0.15618375264721865,78.1,66.5,11.111572437102918,imputed,imputed,,RB,115
28,Derrick Davis Jr.,LSU,250,MISSING,11.267756189750136,0.15618375264721865,78.1,66.5,11.111572437102918,imputed,imputed,,RB,116
27,Trevion Cooley,Georgia Tech,250,MISSING,11.267756189750136,0.15618375264721865,78.1,66.5,11.111572437102918,imputed,imputed,,RB,117
26,L.J. Johnson Jr.,Texas State,250,19,11.267756189750136,0.15618375264721865,78.1,66.5,11.111572437102918,imputed,imputed,,RB,118
25,Armoni Goodwin,UT Martin,250,22,11.267756189750136,0.15618375264721865,78.1,66.5,11.111572437102918,imputed,imputed,,RB,119
24,Alton McCaskill IV,Houston,250,22,11.267756189750136,0.15618375264721865,78.1,66.5,11.111572437102918,imputed,imputed,,RB,120
23,Barika Kpeenu,North Dakota State,250,MISSING,11.267756189750136,0.15618375264721865,78.1,66.5,11.111572437102918,imputed,imputed,,RB,121
22,Robert Henry Jr.,UTSA,250,MISSING,11.267756189750136,0.15618375264721865,78.1,66.5,11.111572437102918,imputed,imputed,,RB,122
21,Max Bredeson,Michigan,250,22,11.267756189750136,0.15618375264721865,78.1,66.5,11.111572437102918,imputed,imputed,,RB,123
20,Terion Stewart,Virginia Tech,250,23,11.267756189750136,0.15618375264721865,78.1,66.5,11.111572437102918,imputed,imputed,,RB,124
19,Kaelon Black,Indiana,250,23,11.267756189750136,0.15618375264721865,78.1,66.5,11.111572437102918,imputed,imputed,,RB,125
18,Djay Braswell,Georgia State,250,MISSING,11.267756189750136,0.15618375264721865,78.1,66.5,11.111572437102918,imputed,imputed,,RB,126
17,Kedrick Reescano,Arizona,250,MISSING,11.267756189750136,0.15618375264721865,78.1,66.5,11.111572437102918,imputed,imputed,,RB,127
16,Samuel Singleton Jr.,Kansas State,250,MISSING,11.267756189750136,0.15618375264721865,78.1,66.5,11.111572437102918,imputed,imputed,,RB,128
15,Rueben Owens,Texas A&M,250,MISSING,11.267756189750136,0.15618375264721865,78.1,66.5,11.111572437102918,imputed,imputed,,RB,129
39,Roydell Williams,Florida State,250,23,11.267756189750136,0.15618375264721865,78.1,66.5,11.111572437102918,imputed,imputed,,RB,130
40,Dominic Richardson,Tulsa,250,23,11.267756189750136,0.15618375264721865,78.1,66.5,11.111572437102918,imputed,imputed,,RB,131
41,Logan Diggs,Ole Miss,250,23,11.267756189750136,0.15618375264721865,78.1,66.5,11.111572437102918,imputed,imputed,,RB,132
34,Kaden Feagin,Illinois,250,21,11.267756189750136,0.15618375264721865,78.1,66.5,11.111572437102918,imputed,imputed,,RB,133
35,Jaylon Glover,UNLV,250,21,11.267756189750136,0.15618375264721865,78.1,66.5,11.111572437102918,imputed,imputed,,RB,134
36,Savion Red,Nevada,250,21,11.267756189750136,0.15618375264721865,78.1,66.5,11.111572437102918,imputed,imputed,,RB,135
37,Richard Reese,Stephen F. Austin,250,20,11.267756189750136,0.15618375264721865,78.1,66.5,11.111572437102918,imputed,imputed,,RB,136
38,Andrew Paul,Jacksonville State,250,21,11.267756189750136,0.15618375264721865,78.1,66.5,11.111572437102918,imputed,imputed,,RB,137
43,Jalen Berger,UCLA,250,24,11.267756189750136,0.15618375264721865,78.1,66.5,11.111572437102918,imputed,imputed,,RB,138
44,Cam Porter,Northwestern,250,MISSING,11.267756189750136,0.15618375264721865,78.1,66.5,11.111572437102918,imputed,imputed,,RB,139
42,E.J. Smith,Texas A&M,250,23,11.267756189750136,0.15618375264721865,78.1,66.5,11.111572437102918,imputed,imputed,,RB,140
97,Bryce Lance,North Dakota State,150,23,11.245114868536994,2.117782198278818,60.0,68.9,9.127332670258177,observed,imputed,21.0,WR,141
99,Harrison Wallace III,Ole Miss,250,22,11.077756189750136,0.15618375264721865,75.0,68.9,10.921572437102919,observed,imputed,20.0,WR,142
98,Hykeem Williams,Colorado,250,21,11.077756189750136,0.15618375264721865,75.0,68.9,10.921572437102919,observed,imputed,20.0,WR,143
45,C.J. Donaldson,Ohio State,242,MISSING,11.051694650481835,0.2666995888021587,75.0,66.5,10.784995061679677,observed,imputed,20.0,RB,144
46,Jamarion Miller,Alabama,246,21,11.004152608846628,0.210767775113679,75.0,66.5,10.793384833732949,observed,imputed,20.0,RB,145
48,Le'Veon Moss,Texas A&M,250,22,10.957756189750135,0.15618375264721865,75.0,66.5,10.801572437102918,observed,imputed,20.0,RB,146
47,Dean Connors,Houston,250,22,10.957756189750135,0.15618375264721865,75.0,66.5,10.801572437102918,observed,imputed,20.0,RB,147
49,Desmond Reid,Pittsburgh,250,21,10.957756189750135,0.15618375264721865,75.0,66.5,10.801572437102918,observed,imputed,20.0,RB,148
50,Mike Washington Jr.,Arkansas,163,22,10.824005134025416,1.763535451794608,60.0,66.5,9.060469682230808,observed,imputed,21.0,RB,149
100,Eric McAlister,TCU,171,22,10.776025982132007,1.5659129201553017,60.0,68.9,9.210113061976704,observed,imputed,21.0,WR,150
101,Eric Rivers,Georgia Tech,178,22,10.638432313707085,1.4040380161259831,60.0,68.9,9.234394297581101,observed,imputed,21.0,WR,151
102,Lewis Bond,Boston College,185,22,10.508723828033034,1.2514397976859226,60.0,68.9,9.257284030347112,observed,imputed,21.0,WR,152
51,Noah Whittington,Oregon,183,23,10.425022907999125,1.2941445976460284,60.0,66.5,9.130878310353097,observed,imputed,21.0,RB,153
103,Josh Cameron,Baylor,194,MISSING,10.352385259464253,1.067512069957944,60.0,68.9,9.284873189506309,observed,imputed,21.0,WR,154
52,Roman Hemby,Indiana,197,23,10.18266865830881,1.0090219509515412,60.0,66.5,9.173646707357268,observed,imputed,21.0,RB,155
104,Vinny Anthony II,Wisconsin,224,MISSING,9.901165875196142,0.5366657355248734,60.0,68.9,9.364500139671268,observed,imputed,21.0,WR,156
105,Caullin Lacy,Louisville,231,23,9.808744052436456,0.4279341793370069,60.0,68.9,9.38080987309945,observed,imputed,21.0,WR,157
106,Colbie Young,Georgia,250,23,9.577756189750136,0.15618375264721865,60.0,68.9,9.421572437102919,observed,imputed,21.0,WR,158
107,Kendrick Law,Kentucky,250,22,9.577756189750136,0.15618375264721865,60.0,68.9,9.421572437102919,observed,imputed,21.0,WR,159
53,J'Mari Taylor,Virginia,245,MISSING,9.515928891478435,0.22462222526874742,60.0,66.5,9.291306666209687,observed,imputed,21.0,RB,160
54,Jamal Haynes,Georgia Tech,250,22,9.457756189750135,0.15618375264721865,60.0,66.5,9.301572437102918,observed,imputed,21.0,RB,161
